<?xml version='1.0' encoding='UTF-8'?>
<root>
 <tabbed_widget parent="main_window" name="Main Window">
  <Tab tab_name="commands" containers="1">
   <Container>
    <DockSplitter orientation="-" count="1" sizes="1">
     <DockArea name="...">
      <plot style="Lines" flip_x="false" mode="TimeSeries" flip_y="false">
       <range right="21.250201" left="0.000000" bottom="-2.099999" top="2.100000"/>
       <limitY/>
       <curve color="#1f77b4" name="/command/pose/pose/position/x"/>
       <curve color="#d62728" name="/command/pose/pose/position/y"/>
       <curve color="#1ac938" name="/command/pose/pose/position/z"/>
      </plot>
     </DockArea>
    </DockSplitter>
   </Container>
  </Tab>
  <Tab tab_name="tracking_xy" containers="1">
   <Container>
    <DockSplitter orientation="-" count="2" sizes="0.501203;0.498797">
     <DockArea name="...">
      <plot style="Lines" flip_x="false" mode="TimeSeries" flip_y="false">
       <range right="177.377117" left="0.000000" bottom="-2.099999" top="2.099999"/>
       <limitY/>
       <curve color="#b41f3f" name="/command/pose/pose/position/x"/>
       <curve color="#0e2dff" name="position_x"/>
      </plot>
     </DockArea>
     <DockArea name="...">
      <plot style="Lines" flip_x="false" mode="TimeSeries" flip_y="false">
       <range right="177.377117" left="0.000000" bottom="-2.143400" top="2.101059"/>
       <limitY/>
       <curve color="#d62728" name="/command/pose/pose/position/y"/>
       <curve color="#5b4cf1" name="position_y"/>
      </plot>
     </DockArea>
    </DockSplitter>
   </Container>
  </Tab>
  <Tab tab_name="tracking_z" containers="1">
   <Container>
    <DockSplitter orientation="-" count="1" sizes="1">
     <DockArea name="...">
      <plot style="Lines" flip_x="false" mode="TimeSeries" flip_y="false">
       <range right="177.377117" left="0.000000" bottom="1.989174" top="2.443880"/>
       <limitY/>
       <curve color="#1ac938" name="/command/pose/pose/position/z"/>
       <curve color="#9467bd" name="position_z"/>
      </plot>
     </DockArea>
    </DockSplitter>
   </Container>
  </Tab>
  <Tab tab_name="motor_cmds" containers="1">
   <Container>
    <DockSplitter orientation="-" count="1" sizes="1">
     <DockSplitter orientation="-" count="4" sizes="0.249799;0.250602;0.249799;0.249799">
      <DockArea name="...">
       <plot style="Lines" flip_x="false" mode="TimeSeries" flip_y="false">
        <range right="177.383181" left="147.363029" bottom="-0.111840" top="1.161366"/>
        <limitY/>
        <curve color="#1f77b4" name="/fmu/in/actuator_motors/control.0"/>
       </plot>
      </DockArea>
      <DockArea name="...">
       <plot style="Lines" flip_x="false" mode="TimeSeries" flip_y="false">
        <range right="177.383181" left="147.363029" bottom="-0.121427" top="1.144706"/>
        <limitY/>
        <curve color="#d62728" name="/fmu/in/actuator_motors/control.1"/>
       </plot>
      </DockArea>
      <DockArea name="...">
       <plot style="Lines" flip_x="false" mode="TimeSeries" flip_y="false">
        <range right="177.383181" left="147.363029" bottom="-0.122809" top="1.155985"/>
        <limitY/>
        <curve color="#1ac938" name="/fmu/in/actuator_motors/control.2"/>
       </plot>
      </DockArea>
      <DockArea name="...">
       <plot style="Lines" flip_x="false" mode="TimeSeries" flip_y="false">
        <range right="177.383181" left="147.363029" bottom="-0.123525" top="1.143174"/>
        <limitY/>
        <curve color="#ff7f0e" name="/fmu/in/actuator_motors/control.3"/>
       </plot>
      </DockArea>
     </DockSplitter>
    </DockSplitter>
   </Container>
  </Tab>
  <currentTabIndex index="3"/>
 </tabbed_widget>
 <use_relative_time_offset enabled="1"/>
 <!-- - - - - - - - - - - - - - - -->
 <!-- - - - - - - - - - - - - - - -->
 <Plugins>
  <plugin ID="DataLoad CSV">
   <default delimiter="0" time_axis=""/>
  </plugin>
  <plugin ID="DataLoad MCAP"/>
  <plugin ID="DataLoad ROS2 bags">
   <use_header_stamp value="false"/>
   <discard_large_arrays value="true"/>
   <max_array_size value="100"/>
   <boolean_strings_to_number value="true"/>
   <remove_suffix_from_strings value="true"/>
  </plugin>
  <plugin ID="DataLoad ULog"/>
  <plugin ID="ROS2 Topic Subscriber">
   <use_header_stamp value="true"/>
   <discard_large_arrays value="true"/>
   <max_array_size value="100"/>
   <boolean_strings_to_number value="true"/>
   <remove_suffix_from_strings value="true"/>
  </plugin>
  <plugin ID="UDP Server"/>
  <plugin ID="WebSocket Server"/>
  <plugin ID="ZMQ Subscriber"/>
  <plugin ID="Fast Fourier Transform"/>
  <plugin ID="Quaternion to RPY"/>
  <plugin ID="Reactive Script Editor">
   <library code="--[[ Helper function to create a series from arrays&#xa;&#xa; new_series: a series previously created with ScatterXY.new(name)&#xa; prefix:     prefix of the timeseries, before the index of the array&#xa; suffix_X:   suffix to complete the name of the series containing the X value. If [nil], use the index of the array.&#xa; suffix_Y:   suffix to complete the name of the series containing the Y value&#xa; timestamp:   usually the tracker_time variable&#xa;              &#xa; Example:&#xa; &#xa; Assuming we have multiple series in the form:&#xa; &#xa;   /trajectory/node.{X}/position/x&#xa;   /trajectory/node.{X}/position/y&#xa;   &#xa; where {N} is the index of the array (integer). We can create a reactive series from the array with:&#xa; &#xa;   new_series = ScatterXY.new(&quot;my_trajectory&quot;) &#xa;   CreateSeriesFromArray( new_series, &quot;/trajectory/node&quot;, &quot;position/x&quot;, &quot;position/y&quot;, tracker_time );&#xa;--]]&#xa;&#xa;function CreateSeriesFromArray( new_series, prefix, suffix_X, suffix_Y, timestamp )&#xa;  &#xa;  --- clear previous values&#xa;  new_series:clear()&#xa;  &#xa;  --- Append points to new_series&#xa;  index = 0&#xa;  while(true) do&#xa;&#xa;    x = index;&#xa;    -- if not nil, get the X coordinate from a series&#xa;    if suffix_X ~= nil then &#xa;      series_x = TimeseriesView.find( string.format( &quot;%s.%d/%s&quot;, prefix, index, suffix_X) )&#xa;      if series_x == nil then break end&#xa;      x = series_x:atTime(timestamp)&#x9; &#xa;    end&#xa;    &#xa;    series_y = TimeseriesView.find( string.format( &quot;%s.%d/%s&quot;, prefix, index, suffix_Y) )&#xa;    if series_y == nil then break end &#xa;    y = series_y:atTime(timestamp)&#xa;    &#xa;    new_series:push_back(x,y)&#xa;    index = index+1&#xa;  end&#xa;end&#xa;&#xa;--[[ Similar to the built-in function GetSeriesNames(), but select only the names with a give prefix. --]]&#xa;&#xa;function GetSeriesNamesByPrefix(prefix)&#xa;  -- GetSeriesNames(9 is a built-in function&#xa;  all_names = GetSeriesNames()&#xa;  filtered_names = {}&#xa;  for i, name in ipairs(all_names)  do&#xa;    -- check the prefix&#xa;    if name:find(prefix, 1, #prefix) then&#xa;      table.insert(filtered_names, name);&#xa;    end&#xa;  end&#xa;  return filtered_names&#xa;end&#xa;&#xa;--[[ Modify an existing series, applying offsets to all their X and Y values&#xa;&#xa; series: an existing timeseries, obtained with TimeseriesView.find(name)&#xa; delta_x: offset to apply to each x value&#xa; delta_y: offset to apply to each y value &#xa;  &#xa;--]]&#xa;&#xa;function ApplyOffsetInPlace(series, delta_x, delta_y)&#xa;  -- use C++ indeces, not Lua indeces&#xa;  for index=0, series:size()-1 do&#xa;    x,y = series:at(index)&#xa;    series:set(index, x + delta_x, y + delta_y)&#xa;  end&#xa;end&#xa;"/>
   <scripts/>
  </plugin>
  <plugin ID="CSV Exporter"/>
  <plugin ID="ROS2 Topic Re-Publisher"/>
 </Plugins>
 <!-- - - - - - - - - - - - - - - -->
 <previouslyLoaded_Datafiles/>
 <previouslyLoaded_Streamer name="ROS2 Topic Subscriber"/>
 <!-- - - - - - - - - - - - - - - -->
 <customMathEquations>
  <snippet name="position_z">
   <global></global>
   <function>return -value</function>
   <linked_source>/fmu/out/vehicle_odometry/position.2</linked_source>
  </snippet>
  <snippet name="position_y">
   <global></global>
   <function>return value</function>
   <linked_source>/fmu/out/vehicle_odometry/position.0</linked_source>
  </snippet>
  <snippet name="position_x">
   <global></global>
   <function>return value</function>
   <linked_source>/fmu/out/vehicle_odometry/position.1</linked_source>
  </snippet>
 </customMathEquations>
 <snippets/>
 <!-- - - - - - - - - - - - - - - -->
</root>

